phase,name,status,evidence
1,Project setup,Complete,"Docker, FastAPI, Next.js, PostgreSQL schemas, CI"
2,Backend foundation & ETL,Complete,"9 raw tables, curated layer, idempotent ETL, quality reports"
3,"Analytics, EDA & statistics",Complete,"Marts, RFM/CLV, EDA, three hypothesis tests"
4,Target variable selection,Pending,No checked-in target_variable_selection.md yet
5,API & authentication,Pending,Not started
6,Machine learning,Pending,Not started
7,Frontend integration,Pending,Not started
8,Testing & hardening,Pending,Not started
9,Documentation & Power BI,Pending,Final governed deliverables not started
